"ll_gissqft","ll_gisacre","landval","parval","usedesc","city"
15916,0.36537,40000,193080,"Residential","Dallas"
12762,0.29297,63790,276580,"Residential","Dallas"
8085,0.18559,35000,147410,"Residential","Dallas"
7220,0.16575,25000,103660,"Residential","Dallas"
9004,0.2067,22500,130710,"Residential","Dallas"
9291,0.21329,18000,81690,"Residential","Dallas"
17950,0.41207,40000,154160,"Residential","Dallas"
5002,0.11482,45000,255310,"Residential","Dallas"
6752,0.155,39000,138980,"Residential","Dallas"
12004,0.27557,60000,60000,"Commercial","Dallas"
8841,0.20296,40000,132560,"Residential","Dallas"
9942,0.22822,40000,166630,"Residential","Dallas"
7563,0.17361,38000,177320,"Residential","Dallas"
9064,0.20807,100,100,"Residential","Dallas"
49621,1.13912,34000,150000,"Residential","Dallas"
8781,0.20158,35000,177130,"Residential","Dallas"
6752,0.155,25000,118260,"Residential","Dallas"
7272,0.16694,38000,102810,"Residential","Dallas"
7571,0.17381,40000,147620,"Residential","Dallas"
10008,0.22975,40000,236470,"Residential","Dallas"
5225,0.11995,40000,122840,"Residential","Dallas"
3101,0.07119,19440,204000,"Commercial","Dallas"
4002,0.09187,40000,177040,"Residential","Dallas"
3376,0.0775,20250,81000,"Commercial","Dallas"
6905,0.15852,100,100,"Residential","Dallas"
7563,0.17361,38000,156850,"Residential","Dallas"
11529,0.26467,30000,131950,"Residential","Dallas"
6752,0.15501,38000,153000,"Residential","Dallas"
24819,0.56974,61500,132540,"Residential","Dallas"
8703,0.19979,43500,123750,"Residential","Dallas"
10008,0.22975,40000,138240,"Residential","Dallas"
7767,0.17829,40000,178430,"Residential","Dallas"
10003,0.22963,25000,103470,"Residential","Dallas"
7399,0.16985,38000,162570,"Residential","Dallas"
7526,0.17277,30000,104930,"Residential","Dallas"
7197,0.16523,30000,160210,"Residential","Dallas"
11152,0.256,35000,163660,"Residential","Dallas"
12876,0.29559,55190,109360,"Residential","Dallas"
11496,0.2639,38000,38000,"Residential","Dallas"
8256,0.18952,45000,165230,"Residential","Dallas"
8932,0.20504,15000,154000,"Residential","Dallas"
7338,0.16845,25000,114120,"Residential","Dallas"
7903,0.18142,25000,138860,"Residential","Dallas"
9011,0.20685,40000,187810,"Residential","Dallas"
7233,0.16604,35000,186820,"Residential","Dallas"
7202,0.16534,40000,139660,"Residential","Dallas"
12668,0.29082,40000,198190,"Residential","Dallas"
6752,0.15501,38000,193050,"Residential","Dallas"
6762,0.15523,40000,225210,"Residential","Dallas"
6752,0.15501,38000,164220,"Residential","Dallas"
7202,0.16534,40000,173950,"Residential","Dallas"
8128,0.18658,35000,126260,"Residential","Dallas"
3969,0.09112,15000,21280,"Residential","Dallas"
6752,0.15501,38000,166190,"Residential","Dallas"
6343,0.1456,40000,143630,"Residential","Dallas"
2332,0.05354,50000,335180,"Residential","Dallas"
10635,0.24415,12000,180000,"Residential","Dallas"
7221,0.16576,40000,205040,"Residential","Dallas"
15003,0.34441,46000,150430,"Residential","Dallas"
15202,0.34899,75990,218430,"Residential","Dallas"
7202,0.16534,40000,139100,"Residential","Dallas"
13190,0.30279,40000,180860,"Residential","Dallas"
7194,0.16515,25000,117500,"Residential","Dallas"
8659,0.19878,43610,295000,"Residential","Dallas"
10050,0.23072,30000,135740,"Residential","Dallas"
3429,0.07872,50000,316150,"Residential","Dallas"
6185,0.14199,40000,221030,"Residential","Dallas"
14340,0.32919,18000,205200,"Residential","Dallas"
10050,0.2307,40000,121100,"Residential","Dallas"
10068,0.23114,40000,164780,"Residential","Dallas"
7662,0.17589,25000,90480,"Residential","Dallas"
7456,0.17116,45000,281590,"Residential","Dallas"
4263,0.09787,30000,148970,"Residential","Dallas"
8125,0.18651,20310,120900,"Residential","Dallas"
14992,0.34417,20000,149720,"Residential","Dallas"
7984,0.18328,45000,308720,"Residential","Dallas"
9654,0.22163,30000,162080,"Residential","Dallas"
8643,0.19841,40000,190240,"Residential","Dallas"
7399,0.16985,38000,185990,"Residential","Dallas"
5494,0.12613,50000,333900,"Residential","Dallas"
137023,3.14554,273960,2472190,"Commercial","Dallas"
3286,0.07544,15000,26010,"Residential","Dallas"
15240,0.34986,40000,212290,"Residential","Dallas"
10068,0.23113,40000,58860,"Residential","Dallas"
7498,0.17214,30000,111560,"Residential","Dallas"
29743,0.6828,40000,222790,"Residential","Dallas"
14275,0.32771,19940,89340,"Residential","Dallas"
8085,0.18559,35000,123300,"Residential","Dallas"
10389,0.23849,35000,131920,"Residential","Dallas"
12503,0.28702,40000,227760,"Residential","Dallas"
56145,1.28888,79800,227830,"Residential","Dallas"
10318,0.23687,61880,209940,"Residential","Dallas"
19472,0.44701,38590,231690,"Commercial","Dallas"
7542,0.17314,40000,235650,"Residential","Dallas"
12379,0.28419,30940,192860,"Residential","Dallas"
4002,0.09187,40000,157470,"Residential","Dallas"
9393,0.21563,40000,60000,"Residential","Dallas"
8015,0.18399,35000,208330,"Residential","Dallas"
15916,0.36536,40000,223450,"Residential","Dallas"
4919,0.11293,18000,189490,"Residential","Dallas"
10589,0.24308,15190,84590,"Residential","Dallas"
14519,0.33331,38000,38000,"Residential","Dallas"
9089,0.20865,25000,109110,"Residential","Dallas"
39238,0.90075,76510,495630,"Commercial","Dallas"
8165,0.18745,35000,154680,"Residential","Dallas"
19836,0.45537,38000,160150,"Residential","Dallas"
19316,0.44343,35820,89920,"Residential","Dallas"
7168,0.16455,24000,107140,"Residential","Dallas"
7197,0.16523,30000,181270,"Residential","Dallas"
6122,0.14054,40000,108510,"Residential","Dallas"
6935,0.15921,40000,215510,"Residential","Dallas"
14690,0.33723,70680,70680,"Commercial","Dallas"
4010,0.09206,25000,104540,"Residential","Dallas"
11704,0.26868,39000,111540,"Residential","Dallas"
18662,0.42842,18000,248440,"Residential","Dallas"
14221,0.32647,44000,287610,"Residential","Dallas"
10008,0.22975,40000,131960,"Residential","Dallas"
50458,1.15834,25000,200710,"Residential","Dallas"
5114,0.11739,40000,127690,"Residential","Dallas"
7242,0.16625,38000,237840,"Residential","Dallas"
7193,0.16513,40000,146300,"Residential","Dallas"
18942,0.43483,94790,157100,"Commercial","Dallas"
9903,0.22734,24750,94720,"Residential","Dallas"
6646,0.15258,27000,76850,"Residential","Dallas"
17522,0.40224,26220,121130,"Residential","Dallas"
36177,0.83048,24000,24000,"Residential","Dallas"
6752,0.15501,38000,187280,"Residential","Dallas"
5506,0.1264,38000,189690,"Residential","Dallas"
15035,0.34516,75150,228130,"Commercial","Dallas"
5046,0.11584,40000,253780,"Residential","Dallas"
7315,0.16792,25000,101420,"Residential","Dallas"
11704,0.26868,39000,139460,"Residential","Dallas"
3015,0.06921,50000,327900,"Residential","Dallas"
8085,0.18559,35000,208610,"Residential","Dallas"
12554,0.2882,62730,324000,"Residential","Dallas"
2765,0.06347,50000,331000,"Residential","Dallas"
6161,0.14144,25000,152620,"Residential","Dallas"
3339,0.07665,50000,350780,"Residential","Dallas"
3664,0.08412,30000,146000,"Residential","Dallas"
12503,0.28702,40000,158960,"Residential","Dallas"
10008,0.22975,40000,142890,"Residential","Dallas"
2421,0.05558,15000,30580,"Residential","Dallas"
8930,0.205,25000,149450,"Residential","Dallas"
10087,0.23157,39000,180900,"Residential","Dallas"
10504,0.24113,30000,86770,"Residential","Dallas"
8414,0.19315,40000,145220,"Residential","Dallas"
11172,0.25647,67010,285000,"Residential","Dallas"
11429,0.26236,40000,193590,"Residential","Dallas"
6555,0.15048,39320,108940,"Residential","Dallas"
7201,0.1653,28000,126940,"Residential","Dallas"
121840,2.79699,60570,60570,"Residential","Dallas"
6752,0.15501,38000,169640,"Residential","Dallas"
10979,0.25204,40000,193260,"Residential","Dallas"
6752,0.15501,38000,104880,"Residential","Dallas"
10848,0.24904,38000,211770,"Residential","Dallas"
9942,0.22822,40000,155090,"Residential","Dallas"
11549,0.26511,40000,133250,"Residential","Dallas"
10121,0.23233,25290,74570,"Residential","Dallas"
10247,0.23524,25200,44950,"Residential","Dallas"
9429,0.21645,40000,335530,"Residential","Dallas"
14690,0.33723,73430,137750,"Residential","Dallas"
6752,0.15501,38000,159530,"Residential","Dallas"
7328,0.16823,40000,179430,"Residential","Dallas"
19984,0.45875,40000,187370,"Residential","Dallas"
6243,0.14331,100,100,"Residential","Dallas"
5662,0.12999,40000,236940,"Residential","Dallas"
8933,0.20507,15000,154000,"Residential","Dallas"
7683,0.17636,38000,200530,"Residential","Dallas"
13949,0.32022,20000,180480,"Residential","Dallas"
13275,0.30475,40000,184030,"Residential","Dallas"
9291,0.21329,18000,59600,"Residential","Dallas"
12341,0.28331,40000,175690,"Residential","Dallas"
8667,0.19897,52870,103710,"Commercial","Dallas"
13305,0.30542,38000,172240,"Residential","Dallas"
10008,0.22975,40000,184860,"Residential","Dallas"
7202,0.16534,40000,145820,"Residential","Dallas"
7799,0.17903,30000,195470,"Residential","Dallas"
20555,0.47186,15000,195000,"Residential","Dallas"
13270,0.30462,79570,114540,"Residential","Dallas"
22022,0.50555,44160,189620,"Residential","Dallas"
5799,0.13312,40000,198010,"Residential","Dallas"
10322,0.23695,61910,205610,"Residential","Dallas"
11704,0.26868,39000,149530,"Residential","Dallas"
10092,0.23167,45000,291080,"Residential","Dallas"
12145,0.27881,60770,188250,"Residential","Dallas"
15246,0.34998,40000,238130,"Residential","Dallas"
2928,0.06721,50000,283520,"Residential","Dallas"
7593,0.1743,22500,105580,"Residential","Dallas"
11508,0.26419,40000,197450,"Residential","Dallas"
2421,0.05558,50000,355900,"Residential","Dallas"
12666,0.29076,40000,218460,"Residential","Dallas"
11379,0.26122,40000,186820,"Residential","Dallas"
7518,0.17257,10000,137620,"Residential","Dallas"
6752,0.15501,38000,232090,"Residential","Dallas"
11479,0.26352,57380,142670,"Residential","Dallas"
12232,0.28081,18000,221810,"Residential","Dallas"
7315,0.16793,25000,108450,"Residential","Dallas"
7256,0.16657,24000,117130,"Residential","Dallas"
7724,0.17733,25000,128370,"Residential","Dallas"
6135,0.14083,40000,201900,"Residential","Dallas"
9423,0.21632,47100,193420,"Residential","Dallas"
7563,0.17361,38000,132050,"Residential","Dallas"
10875,0.24965,54360,80600,"Residential","Dallas"
20023,0.45965,42530,104600,"Residential","Dallas"
8257,0.18956,35000,170550,"Residential","Dallas"
3991,0.09161,40000,115170,"Residential","Dallas"
8440,0.19376,35000,177760,"Residential","Dallas"
33414,0.76708,32000,315280,"Residential","Dallas"
7724,0.17733,25000,93000,"Residential","Dallas"
6601,0.15153,38000,247040,"Residential","Dallas"
6378,0.1464,38000,249230,"Residential","Dallas"
2333,0.05355,50000,315900,"Residential","Dallas"
13336,0.30614,26660,26660,"Commercial","Dallas"
9354,0.21474,40000,139770,"Residential","Dallas"
7984,0.18328,38000,175690,"Residential","Dallas"
8648,0.19853,38000,185050,"Residential","Dallas"
11058,0.25386,35000,200000,"Residential","Dallas"
8608,0.1976,34000,131570,"Residential","Dallas"
31360,0.71992,100,100,"Residential","Dallas"
8128,0.18658,35000,147200,"Residential","Dallas"
4602,0.10564,23090,91220,"Residential","Dallas"
16456,0.37776,82250,135100,"Commercial","Dallas"
5064,0.11625,7840,232510,"Residential","Dallas"
4002,0.09187,40000,155760,"Residential","Dallas"
8002,0.18371,38000,159670,"Residential","Dallas"
7798,0.17902,30000,132840,"Residential","Dallas"
7798,0.17902,30000,157300,"Residential","Dallas"
23723,0.5446,40000,283860,"Residential","Dallas"
7683,0.17636,38000,159560,"Residential","Dallas"
9003,0.20668,25000,127260,"Residential","Dallas"
7146,0.16405,25000,108000,"Residential","Dallas"
42550,0.9768,24000,215970,"Residential","Dallas"
10203,0.23423,39000,134250,"Residential","Dallas"
5582,0.12814,38000,101010,"Residential","Dallas"
7453,0.17109,18000,133290,"Residential","Dallas"
7171,0.16462,40000,192200,"Residential","Dallas"
14792,0.33956,40000,190830,"Residential","Dallas"
4689,0.10765,23440,90750,"Residential","Dallas"
7442,0.17084,25000,185080,"Residential","Dallas"
9290,0.21326,28000,143170,"Residential","Dallas"
7002,0.16075,28500,97400,"Residential","Dallas"
9809,0.22519,19000,166000,"Residential","Dallas"
10072,0.23122,49010,88190,"Residential","Dallas"
6702,0.15386,33500,154650,"Residential","Dallas"
10602,0.24338,39000,129550,"Residential","Dallas"
5695,0.13074,45000,292430,"Residential","Dallas"
7794,0.17892,30000,162250,"Residential","Dallas"
7238,0.16617,34200,116370,"Residential","Dallas"
10203,0.23423,39000,129510,"Residential","Dallas"
2607,0.05984,50000,364150,"Residential","Dallas"
29787,0.6838,40000,171520,"Residential","Dallas"
12424,0.2852,40000,133320,"Residential","Dallas"
334,0.00767,100,100,"Residential","Dallas"
49972,1.14719,225500,369010,"Residential","Dallas"
7399,0.16985,38000,196940,"Residential","Dallas"
16180,0.37144,76000,193040,"Residential","Dallas"
10203,0.23423,39000,128900,"Residential","Dallas"
7725,0.17733,25000,128360,"Residential","Dallas"
11659,0.26764,38000,234960,"Residential","Dallas"
54941,1.26124,77970,92010,"Commercial","Dallas"
14199,0.32595,44000,118130,"Residential","Dallas"
28928,0.66408,100,100,"Residential","Dallas"
7102,0.16304,38000,171690,"Residential","Dallas"
3376,0.0775,40000,40000,"Residential","Dallas"
5046,0.11583,45000,299890,"Residential","Dallas"
2553,0.05861,50000,277010,"Residential","Dallas"
8883,0.20392,35000,139040,"Residential","Dallas"
7202,0.16534,40000,126380,"Residential","Dallas"
10451,0.23992,30000,125750,"Residential","Dallas"
8672,0.19908,40000,150750,"Residential","Dallas"
7198,0.16524,30000,132450,"Residential","Dallas"
7399,0.16985,38000,136720,"Residential","Dallas"
16670,0.38268,40000,203980,"Residential","Dallas"
7201,0.16531,35000,159660,"Residential","Dallas"
8015,0.18399,38000,156000,"Residential","Dallas"
16556,0.38007,82770,656670,"Commercial","Dallas"
13642,0.31316,20120,122630,"Residential","Dallas"
7146,0.16405,25000,119850,"Residential","Dallas"
6752,0.155,39000,119700,"Residential","Dallas"
7606,0.1746,30000,171020,"Residential","Dallas"
13788,0.31653,20270,112940,"Commercial","Dallas"
16190,0.37166,40000,123780,"Residential","Dallas"
21425,0.49183,52000,147830,"Residential","Dallas"
7815,0.17941,39000,174280,"Residential","Dallas"
4800,0.1102,40000,128160,"Residential","Dallas"
20061,0.46052,100910,219120,"Residential","Dallas"
11777,0.27037,24000,134990,"Residential","Dallas"
36929,0.84776,35820,78710,"Residential","Dallas"
25771,0.5916,127400,127400,"Commercial","Dallas"
7203,0.16534,40000,202870,"Residential","Dallas"
7231,0.16601,45000,252050,"Residential","Dallas"
7397,0.16981,25000,84730,"Residential","Dallas"
14023,0.32191,38000,228180,"Residential","Dallas"
10068,0.23113,40000,165170,"Residential","Dallas"
4001,0.09185,40000,134300,"Residential","Dallas"
7998,0.18361,38000,197240,"Residential","Dallas"
6061,0.13913,30290,279040,"Residential","Dallas"
10203,0.23423,39000,125000,"Residential","Dallas"
12379,0.28418,61880,97510,"Residential","Dallas"
10171,0.23349,35000,199390,"Residential","Dallas"
39467,0.90603,47320,271950,"Residential","Dallas"
36105,0.82884,72500,224740,"Residential","Dallas"
12189,0.27982,40000,280430,"Residential","Dallas"
11704,0.26868,39000,116400,"Residential","Dallas"
27863,0.63964,50720,254850,"Residential","Dallas"
8260,0.18963,49540,84230,"Residential","Dallas"
7498,0.17212,30000,89330,"Residential","Dallas"
4010,0.09206,25000,98090,"Residential","Dallas"
6752,0.155,39000,160670,"Residential","Dallas"
6045,0.13878,30280,197480,"Residential","Dallas"
2669,0.06127,50000,350940,"Residential","Dallas"
14902,0.3421,30000,154200,"Residential","Dallas"
12857,0.29514,38000,183640,"Residential","Dallas"
3626,0.08324,18130,18130,"Commercial","Dallas"
7287,0.16728,24000,110570,"Residential","Dallas"
8553,0.19634,35000,141500,"Residential","Dallas"
10507,0.2412,39000,216460,"Residential","Dallas"
24819,0.56974,61500,130680,"Residential","Dallas"
6008,0.13791,35000,166870,"Residential","Dallas"
16907,0.38812,48000,189120,"Residential","Dallas"
7438,0.17076,52000,247350,"Residential","Dallas"
2430,0.05578,15000,34380,"Residential","Dallas"
6601,0.15153,38000,199250,"Residential","Dallas"
9363,0.21495,46800,179120,"Residential","Dallas"
6491,0.14902,38000,152410,"Residential","Dallas"
14487,0.33257,35000,203660,"Residential","Dallas"
8077,0.18543,25000,119200,"Residential","Dallas"
17593,0.40387,50000,138110,"Residential","Dallas"
11716,0.26896,58000,58000,"Commercial","Dallas"
15164,0.3481,44000,147440,"Residential","Dallas"
11193,0.25694,38000,161080,"Residential","Dallas"
10325,0.23703,61930,175120,"Residential","Dallas"
4794,0.11004,40000,199550,"Residential","Dallas"
4263,0.09787,30000,181250,"Residential","Dallas"
9353,0.21472,46750,101840,"Residential","Dallas"
7202,0.16534,40000,120670,"Residential","Dallas"
25648,0.58878,40000,140120,"Residential","Dallas"
59255,1.36029,34000,320600,"Residential","Dallas"
9840,0.22589,25000,146300,"Residential","Dallas"
3104,0.07125,22950,85000,"Commercial","Dallas"
6779,0.15563,30000,151590,"Residential","Dallas"
8841,0.20296,40000,145180,"Residential","Dallas"
7202,0.16534,40000,172260,"Residential","Dallas"
8092,0.18577,38000,158240,"Residential","Dallas"
7501,0.17219,38000,185510,"Residential","Dallas"
11112,0.25509,40000,138280,"Residential","Dallas"
6752,0.15501,38000,157360,"Residential","Dallas"
16568,0.38034,50000,233240,"Residential","Dallas"
6037,0.13858,35000,118740,"Residential","Dallas"
7815,0.17941,39000,164790,"Residential","Dallas"
9363,0.21495,46800,134840,"Residential","Dallas"
8883,0.20392,35000,138760,"Residential","Dallas"
6200,0.14234,50000,137260,"Residential","Dallas"
7330,0.16826,25000,110240,"Residential","Dallas"
12480,0.28648,35000,159490,"Residential","Dallas"
7202,0.16534,40000,146780,"Residential","Dallas"
4002,0.09187,40000,175960,"Residential","Dallas"
11112,0.25509,38000,143000,"Residential","Dallas"
6002,0.13779,18000,122300,"Residential","Dallas"
12364,0.28384,40000,214600,"Residential","Dallas"
7202,0.16534,35000,118250,"Residential","Dallas"
13121,0.3012,40000,173620,"Residential","Dallas"
20372,0.46768,39630,111170,"Commercial","Dallas"
10150,0.23301,40000,210650,"Residential","Dallas"
10068,0.23114,40000,149650,"Residential","Dallas"
7315,0.16792,25000,133320,"Residential","Dallas"
9489,0.21784,47430,151630,"Residential","Dallas"
7878,0.18084,38000,163670,"Residential","Dallas"
27511,0.63155,51410,271470,"Residential","Dallas"
16075,0.36903,39000,209280,"Residential","Dallas"
47492,1.09024,108900,322910,"Residential","Dallas"
4098,0.09407,40000,122260,"Residential","Dallas"
24717,0.56741,55000,407380,"Residential","Dallas"
14513,0.33317,40000,217070,"Residential","Dallas"
7878,0.18084,38000,219440,"Residential","Dallas"
9909,0.22748,48750,126680,"Residential","Dallas"
16009,0.36751,48000,172270,"Residential","Dallas"
13376,0.30707,26740,26740,"Commercial","Dallas"
5044,0.1158,25000,121390,"Residential","Dallas"
2430,0.05578,15000,34380,"Residential","Dallas"
6752,0.15501,38000,164340,"Residential","Dallas"
5398,0.12392,38000,163440,"Residential","Dallas"
13159,0.30207,40000,121180,"Residential","Dallas"
2430,0.05578,15000,34380,"Residential","Dallas"
5603,0.12862,40000,141310,"Residential","Dallas"
7808,0.17925,25000,124370,"Residential","Dallas"
9183,0.21081,45900,118640,"Residential","Dallas"
6761,0.15522,31500,31500,"Residential","Dallas"
7298,0.16753,25000,220650,"Residential","Dallas"
10008,0.22975,40000,144650,"Residential","Dallas"
8697,0.19965,20000,198710,"Residential","Dallas"
4263,0.09787,30000,160980,"Residential","Dallas"
9942,0.22822,40000,144650,"Residential","Dallas"
6475,0.14865,24000,105860,"Residential","Dallas"
10203,0.23423,39000,128300,"Residential","Dallas"
12755,0.2928,63750,353740,"Commercial","Dallas"
12755,0.2928,63750,185900,"Residential","Dallas"
13702,0.31456,40000,174720,"Residential","Dallas"
2333,0.05355,50000,363420,"Residential","Dallas"
13806,0.31694,18000,107490,"Residential","Dallas"
11380,0.26123,65000,88730,"Commercial","Dallas"
8601,0.19746,16000,180780,"Residential","Dallas"
15005,0.34446,46000,185020,"Residential","Dallas"
2993,0.06871,50000,355530,"Residential","Dallas"
8457,0.19415,25000,109930,"Residential","Dallas"
9942,0.22822,40000,159310,"Residential","Dallas"
2553,0.05861,50000,338080,"Residential","Dallas"
10008,0.22975,40000,139460,"Residential","Dallas"
13130,0.30141,40000,232700,"Residential","Dallas"
10504,0.24113,30000,130510,"Residential","Dallas"
12964,0.29762,40000,191470,"Residential","Dallas"
12584,0.28889,40000,229960,"Residential","Dallas"
12584,0.28889,40000,169490,"Residential","Dallas"
6122,0.14054,38000,133750,"Residential","Dallas"
18680,0.42882,50000,251550,"Residential","Dallas"
4018,0.09224,15000,34380,"Residential","Dallas"
8194,0.18811,40000,276140,"Residential","Dallas"
16099,0.36957,40500,188880,"Residential","Dallas"
42548,0.97675,39040,39040,"Residential","Dallas"
5591,0.12835,52000,262960,"Residential","Dallas"
9291,0.21329,18000,48670,"Residential","Dallas"
7399,0.16985,38000,164150,"Residential","Dallas"
7407,0.17003,25000,103620,"Residential","Dallas"
7115,0.16334,38000,190680,"Residential","Dallas"
17256,0.39614,22500,76830,"Residential","Dallas"
30821,0.70753,20000,294090,"Residential","Dallas"
10288,0.23618,35000,127280,"Residential","Dallas"
8643,0.19841,40000,174820,"Residential","Dallas"
9591,0.22016,20000,209400,"Residential","Dallas"
6983,0.1603,38000,158500,"Residential","Dallas"
7202,0.16534,35000,149930,"Residential","Dallas"
8161,0.18735,35000,114250,"Residential","Dallas"
18626,0.4276,46500,134790,"Residential","Dallas"
11035,0.25331,40000,153250,"Residential","Dallas"
7498,0.17212,30000,99560,"Residential","Dallas"
8211,0.18851,35000,127180,"Residential","Dallas"
7142,0.16396,35000,159690,"Residential","Dallas"
12013,0.27577,60000,60000,"Commercial","Dallas"
2284,0.05244,100,100,"Residential","Dallas"
11603,0.26636,40000,164110,"Residential","Dallas"
7570,0.17377,38000,229110,"Residential","Dallas"
4646,0.10667,40000,115970,"Residential","Dallas"
4797,0.11013,28500,123260,"Residential","Dallas"
7799,0.17903,30000,147440,"Residential","Dallas"
12443,0.28565,28800,73090,"Residential","Dallas"
5998,0.13768,40000,249330,"Residential","Dallas"
21472,0.49292,52000,163070,"Residential","Dallas"
6002,0.1378,18000,129250,"Residential","Dallas"
9738,0.22354,45000,294500,"Residential","Dallas"
10956,0.25152,40000,162940,"Residential","Dallas"
9948,0.22838,49730,49730,"Commercial","Dallas"
17006,0.39039,102000,172000,"Commercial","Dallas"
15315,0.35158,40000,164280,"Residential","Dallas"
8553,0.19634,35000,190600,"Residential","Dallas"
9291,0.21329,18000,59600,"Residential","Dallas"
115393,2.64901,80000,375000,"Residential","Dallas"
7796,0.17896,40000,261600,"Residential","Dallas"
10388,0.23847,61160,231000,"Commercial","Dallas"
9583,0.21999,23950,64120,"Residential","Dallas"
7202,0.16534,40000,179100,"Residential","Dallas"
33111,0.76012,58500,125000,"Residential","Dallas"
9690,0.22244,38000,207700,"Residential","Dallas"
8085,0.18559,35000,90970,"Residential","Dallas"
4263,0.09787,30000,174720,"Residential","Dallas"
10131,0.23258,25320,117870,"Residential","Dallas"
9033,0.20737,54000,60010,"Residential","Dallas"
14814,0.34008,40000,155000,"Residential","Dallas"
10068,0.23114,40000,136190,"Residential","Dallas"
9957,0.22858,25000,146020,"Residential","Dallas"
7499,0.17214,30000,85000,"Residential","Dallas"
10504,0.24113,30000,149060,"Residential","Dallas"
7202,0.16534,40000,147340,"Residential","Dallas"
6250,0.14347,40000,269210,"Residential","Dallas"
6003,0.1378,36000,108350,"Residential","Dallas"
9291,0.21329,18000,59370,"Residential","Dallas"
11254,0.25834,40000,154750,"Residential","Dallas"
6877,0.15788,18000,74150,"Residential","Dallas"
2733,0.06273,50000,264070,"Residential","Dallas"
3431,0.07876,50000,331900,"Residential","Dallas"
9914,0.22758,30000,111240,"Residential","Dallas"
55568,1.27563,110860,721210,"Commercial","Dallas"
10203,0.23423,39000,166620,"Residential","Dallas"
17205,0.39497,16000,136280,"Residential","Dallas"
6752,0.155,25000,130990,"Residential","Dallas"
4001,0.09186,30000,166530,"Residential","Dallas"
6281,0.14419,10000,10000,"Residential","Dallas"
3486,0.08002,10000,102640,"Residential","Dallas"
10203,0.23423,39000,127680,"Residential","Dallas"
10008,0.22975,40000,282250,"Residential","Dallas"
6782,0.1557,40000,139020,"Residential","Dallas"
11321,0.25989,38000,205270,"Residential","Dallas"
7498,0.17214,30000,111380,"Residential","Dallas"
7363,0.16904,25000,86360,"Residential","Dallas"
8703,0.19979,39000,175490,"Residential","Dallas"
11827,0.27151,48000,174710,"Residential","Dallas"
8545,0.19615,30000,143940,"Residential","Dallas"
6361,0.14603,40000,195630,"Residential","Dallas"
28338,0.65054,80000,283630,"Residential","Dallas"
7473,0.17155,40000,40000,"Residential","Dallas"
7498,0.17214,30000,110560,"Residential","Dallas"
2553,0.05861,50000,351070,"Residential","Dallas"
14469,0.33217,40000,138410,"Residential","Dallas"
8072,0.1853,38000,248820,"Residential","Dallas"
10504,0.24113,30000,127980,"Residential","Dallas"
4002,0.09187,40000,166960,"Residential","Dallas"
4028,0.09247,40000,169520,"Residential","Dallas"
38084,0.87427,39000,164080,"Residential","Dallas"
6306,0.14476,40000,201090,"Residential","Dallas"
2553,0.05861,50000,328410,"Residential","Dallas"
9176,0.21066,40000,165650,"Residential","Dallas"
11782,0.27048,25000,125370,"Residential","Dallas"
20480,0.47016,31500,76170,"Residential","Dallas"
11527,0.26462,35000,138770,"Residential","Dallas"
7309,0.16778,45000,178920,"Residential","Dallas"
7563,0.17361,38000,145960,"Residential","Dallas"
10504,0.24113,30000,131260,"Residential","Dallas"
6752,0.155,25000,190500,"Residential","Dallas"
5884,0.13508,40000,266700,"Residential","Dallas"
7175,0.16471,44000,145890,"Residential","Dallas"
9457,0.21709,56720,168880,"Residential","Dallas"
7202,0.16534,40000,143560,"Residential","Dallas"
6412,0.14719,12890,118480,"Commercial","Dallas"
3669,0.08424,30000,158960,"Residential","Dallas"
6302,0.14467,40000,224010,"Residential","Dallas"
10504,0.24113,30000,165390,"Residential","Dallas"
3128,0.0718,50000,223550,"Residential","Dallas"
4751,0.10908,52000,246230,"Residential","Dallas"
10008,0.22975,40000,158400,"Residential","Dallas"
6022,0.13824,30000,156450,"Residential","Dallas"
6752,0.15501,38000,153170,"Residential","Dallas"
7202,0.16534,40000,147280,"Residential","Dallas"
7666,0.17598,38000,181340,"Residential","Dallas"
7563,0.17361,38000,152350,"Residential","Dallas"
5071,0.11642,25000,119130,"Residential","Dallas"
12503,0.28703,40000,160280,"Residential","Dallas"
8085,0.18559,35000,199760,"Residential","Dallas"
10068,0.23113,40000,176240,"Residential","Dallas"
9699,0.22266,25000,100130,"Residential","Dallas"
14583,0.33478,38000,132360,"Residential","Dallas"
10865,0.24941,46500,46500,"Residential","Dallas"
7493,0.17201,26000,118400,"Residential","Dallas"
8470,0.19445,24000,95300,"Residential","Dallas"
7146,0.16405,25000,134800,"Residential","Dallas"
25009,0.57411,125000,125000,"Commercial","Dallas"
13083,0.30035,65400,206080,"Residential","Dallas"
7442,0.17084,25000,263280,"Residential","Dallas"
19332,0.4438,35820,248450,"Residential","Dallas"
7202,0.16534,40000,237750,"Residential","Dallas"
7815,0.17941,39000,168880,"Residential","Dallas"
5705,0.13097,45000,324000,"Residential","Dallas"
8349,0.19167,35000,196950,"Residential","Dallas"
6752,0.155,25000,120280,"Residential","Dallas"
12762,0.29297,63790,131510,"Residential","Dallas"
10594,0.24319,60000,423360,"Residential","Dallas"
59023,1.35496,135600,222610,"Residential","Dallas"
6619,0.15195,25000,117760,"Residential","Dallas"
7041,0.16164,35000,173860,"Residential","Dallas"
2445,0.05613,50000,376960,"Residential","Dallas"
8952,0.20551,44750,163000,"Residential","Dallas"
30010,0.68891,40000,40000,"Residential","Dallas"
6122,0.14054,40000,117110,"Residential","Dallas"
7703,0.17683,40000,178090,"Residential","Dallas"
12762,0.29297,63790,151440,"Residential","Dallas"
10503,0.24111,40000,129200,"Residential","Dallas"
11199,0.25709,35000,149860,"Residential","Dallas"
7135,0.16379,44000,166560,"Residential","Dallas"
12379,0.28419,30940,120300,"Residential","Dallas"
63299,1.45312,79240,165370,"Residential","Dallas"
11851,0.27205,48000,156880,"Residential","Dallas"
7545,0.17321,30000,142560,"Residential","Dallas"
6082,0.13962,40000,108770,"Residential","Dallas"
14690,0.33723,74320,377580,"Residential","Dallas"
3800,0.08722,15000,24500,"Residential","Dallas"
7450,0.17102,24000,107660,"Residential","Dallas"
7670,0.17608,19000,19000,"Residential","Dallas"
7993,0.1835,38000,150000,"Residential","Dallas"
15353,0.35246,20000,118880,"Residential","Dallas"
2430,0.05578,15000,34380,"Residential","Dallas"
10394,0.23861,40000,97000,"Residential","Dallas"
2683,0.06159,50000,334360,"Residential","Dallas"
10307,0.23661,45000,368660,"Residential","Dallas"
13130,0.30141,40000,178930,"Residential","Dallas"
64760,1.48665,132840,390850,"Residential","Dallas"
29851,0.68526,162000,162000,"Commercial","Dallas"
12762,0.29297,63790,154050,"Residential","Dallas"
12379,0.28418,61880,113360,"Residential","Dallas"
13497,0.30984,26980,26980,"Commercial","Dallas"
14548,0.33398,21790,165380,"Residential","Dallas"
6002,0.13778,30000,153270,"Residential","Dallas"
15427,0.35415,20000,210620,"Residential","Dallas"
34519,0.79244,35820,35820,"Residential","Dallas"
7878,0.18084,38000,186810,"Residential","Dallas"
8323,0.19106,38000,161540,"Residential","Dallas"
7767,0.17829,40000,167230,"Residential","Dallas"
18451,0.42358,40000,206580,"Residential","Dallas"
8454,0.19408,38000,190340,"Residential","Dallas"
13218,0.30344,40000,112690,"Residential","Dallas"
2749,0.0631,50000,351770,"Residential","Dallas"
10068,0.23113,40000,187480,"Residential","Dallas"
8828,0.20267,38000,176530,"Residential","Dallas"
3032,0.06959,50000,338050,"Residential","Dallas"
2333,0.05355,50000,337820,"Residential","Dallas"
8686,0.19941,100,100,"Residential","Dallas"
24609,0.56492,123060,221860,"Commercial","Dallas"
5095,0.11697,40000,252310,"Residential","Dallas"
10008,0.22975,40000,131450,"Residential","Dallas"
17087,0.39225,40000,270160,"Residential","Dallas"
7789,0.1788,30000,141090,"Residential","Dallas"
22129,0.508,55440,248130,"Residential","Dallas"
23315,0.53523,116530,116530,"Commercial","Dallas"
81686,1.87521,72120,287300,"Residential","Dallas"
4023,0.09236,40000,93200,"Residential","Dallas"
12483,0.28655,62390,163060,"Residential","Dallas"
77978,1.79009,156210,2100000,"Commercial","Dallas"
5166,0.1186,25000,117890,"Residential","Dallas"
14029,0.32206,16000,171410,"Residential","Dallas"
6752,0.15501,38000,167220,"Residential","Dallas"
7498,0.17214,30000,131460,"Residential","Dallas"
4937,0.11333,40000,40000,"Residential","Dallas"
2364,0.05428,15000,38640,"Residential","Dallas"
12379,0.28418,61880,61880,"Commercial","Dallas"
6752,0.155,39000,100000,"Residential","Dallas"
38613,0.88642,50000,360000,"Residential","Dallas"
10068,0.23114,40000,128760,"Residential","Dallas"
4010,0.09206,25000,103230,"Residential","Dallas"
9363,0.21495,46800,139240,"Residential","Dallas"
8553,0.19634,35000,153790,"Residential","Dallas"
11204,0.25721,38000,197030,"Residential","Dallas"
10015,0.2299,40000,196400,"Residential","Dallas"
6981,0.16027,100,100,"Residential","Dallas"
3311,0.07601,15000,26010,"Residential","Dallas"
27049,0.62094,40160,127880,"Residential","Dallas"
12754,0.2928,63750,63750,"Commercial","Dallas"
30009,0.6889,40000,242090,"Residential","Dallas"
10008,0.22975,40000,213440,"Residential","Dallas"
14433,0.33132,89990,89990,"Commercial","Dallas"
9378,0.21529,46880,150440,"Residential","Dallas"
11804,0.27097,48000,145930,"Residential","Dallas"
7563,0.17361,38000,195580,"Residential","Dallas"
12503,0.28703,40000,166530,"Residential","Dallas"
6661,0.15292,30000,191690,"Residential","Dallas"
7198,0.16524,30000,162890,"Residential","Dallas"
7454,0.17112,40000,256030,"Residential","Dallas"
10739,0.24653,40000,227780,"Residential","Dallas"
30010,0.68891,40000,184340,"Residential","Dallas"
5104,0.11716,25000,111870,"Residential","Dallas"
7155,0.16425,40000,40000,"Residential","Dallas"
42324,0.97161,77000,920000,"Commercial","Dallas"
13577,0.31167,40000,181950,"Residential","Dallas"
9042,0.20756,44910,44910,"Commercial","Dallas"
9949,0.22839,39000,45170,"Residential","Dallas"
10884,0.24985,40000,185320,"Residential","Dallas"
10404,0.23883,39000,117060,"Residential","Dallas"
63503,1.45779,299960,533510,"Commercial","Dallas"
4002,0.09187,40000,204860,"Residential","Dallas"
13659,0.31356,40000,199250,"Residential","Dallas"
12004,0.27557,60000,60000,"Commercial","Dallas"
7996,0.18355,38000,176830,"Residential","Dallas"
10407,0.2389,25000,126610,"Residential","Dallas"
10187,0.23386,30000,126290,"Residential","Dallas"
30238,0.69415,75150,75150,"Commercial","Dallas"
7256,0.16658,24000,117190,"Residential","Dallas"
7792,0.17887,40000,156270,"Residential","Dallas"
30104,0.69108,40000,139030,"Residential","Dallas"
7563,0.17361,38000,166990,"Residential","Dallas"
12557,0.28825,25090,25090,"Commercial","Dallas"
10068,0.23113,40000,188630,"Residential","Dallas"
23316,0.53526,21400,221990,"Residential","Dallas"
2430,0.05578,15000,34380,"Residential","Dallas"
10890,0.24999,60000,454000,"Residential","Dallas"
2553,0.0586,50000,338980,"Residential","Dallas"
5056,0.11608,7190,238050,"Residential","Dallas"
2421,0.05558,15000,30580,"Residential","Dallas"
10306,0.23658,51510,140000,"Residential","Dallas"
5544,0.12727,45000,290420,"Residential","Dallas"
6459,0.14827,30000,135100,"Residential","Dallas"
9942,0.22822,40000,150620,"Residential","Dallas"
7982,0.18324,40000,175590,"Residential","Dallas"
10068,0.23114,40000,177000,"Residential","Dallas"
4843,0.11119,40000,153760,"Residential","Dallas"
5901,0.13546,40000,144170,"Residential","Dallas"
8897,0.20423,44470,121410,"Residential","Dallas"
12004,0.27557,60000,60000,"Commercial","Dallas"
3101,0.07119,19440,204000,"Commercial","Dallas"
3376,0.0775,20250,81000,"Commercial","Dallas"
137023,3.14554,273960,2472190,"Commercial","Dallas"
19472,0.44701,38590,231690,"Commercial","Dallas"
39238,0.90075,76510,495630,"Commercial","Dallas"
14690,0.33723,70680,70680,"Commercial","Dallas"
18942,0.43483,94790,157100,"Commercial","Dallas"
15035,0.34516,75150,228130,"Commercial","Dallas"
8667,0.19897,52870,103710,"Commercial","Dallas"
13336,0.30614,26660,26660,"Commercial","Dallas"
16456,0.37776,82250,135100,"Commercial","Dallas"
54941,1.26124,77970,92010,"Commercial","Dallas"
16556,0.38007,82770,656670,"Commercial","Dallas"
13788,0.31653,20270,112940,"Commercial","Dallas"
25771,0.5916,127400,127400,"Commercial","Dallas"
3626,0.08324,18130,18130,"Commercial","Dallas"
11716,0.26896,58000,58000,"Commercial","Dallas"
3104,0.07125,22950,85000,"Commercial","Dallas"
20372,0.46768,39630,111170,"Commercial","Dallas"
13376,0.30707,26740,26740,"Commercial","Dallas"
12755,0.2928,63750,353740,"Commercial","Dallas"
11380,0.26123,65000,88730,"Commercial","Dallas"
12013,0.27577,60000,60000,"Commercial","Dallas"
9948,0.22838,49730,49730,"Commercial","Dallas"
17006,0.39039,102000,172000,"Commercial","Dallas"
10388,0.23847,61160,231000,"Commercial","Dallas"
55568,1.27563,110860,721210,"Commercial","Dallas"
6412,0.14719,12890,118480,"Commercial","Dallas"
25009,0.57411,125000,125000,"Commercial","Dallas"
29851,0.68526,162000,162000,"Commercial","Dallas"
13497,0.30984,26980,26980,"Commercial","Dallas"
24609,0.56492,123060,221860,"Commercial","Dallas"
23315,0.53523,116530,116530,"Commercial","Dallas"
77978,1.79009,156210,2100000,"Commercial","Dallas"
12379,0.28418,61880,61880,"Commercial","Dallas"
12754,0.2928,63750,63750,"Commercial","Dallas"
14433,0.33132,89990,89990,"Commercial","Dallas"
42324,0.97161,77000,920000,"Commercial","Dallas"
9042,0.20756,44910,44910,"Commercial","Dallas"
63503,1.45779,299960,533510,"Commercial","Dallas"
12004,0.27557,60000,60000,"Commercial","Dallas"
30238,0.69415,75150,75150,"Commercial","Dallas"
12557,0.28825,25090,25090,"Commercial","Dallas"
10502,0.24109,50180,137020,"Commercial","Dallas"
49178,1.12896,293400,1693480,"Commercial","Dallas"
42014,0.96449,250910,1017860,"Commercial","Dallas"
5788,0.13286,35280,185900,"Commercial","Dallas"
32222,0.7397,64380,714390,"Commercial","Dallas"
16589,0.38082,33090,112090,"Commercial","Dallas"
9919,0.2277,59560,59560,"Commercial","Dallas"
1168,0.02681,7310,7850,"Commercial","Dallas"
15003,0.34441,75000,75000,"Commercial","Dallas"
67223,1.54319,135540,254770,"Commercial","Dallas"
2103,0.04828,10510,129020,"Commercial","Dallas"
12956,0.29743,77700,207010,"Commercial","Dallas"
14350,0.32941,57340,57340,"Commercial","Dallas"
14441,0.33152,90000,119050,"Commercial","Dallas"
38909,0.89321,232950,516540,"Commercial","Dallas"
12004,0.27557,60000,60000,"Commercial","Dallas"
8759,0.20108,52510,75700,"Commercial","Dallas"
11254,0.25835,56250,425000,"Commercial","Dallas"
13532,0.31066,27060,27060,"Commercial","Dallas"
49544,1.13735,297180,297180,"Commercial","Dallas"
12147,0.27885,73840,74840,"Commercial","Dallas"
14700,0.33746,83900,91000,"Commercial","Dallas"
11473,0.26337,57370,231750,"Commercial","Dallas"
15209,0.34914,31200,159600,"Commercial","Dallas"
37318,0.85668,71700,92370,"Commercial","Dallas"
12180,0.27961,24000,105500,"Commercial","Dallas"
21594,0.49572,130350,130350,"Commercial","Dallas"
10357,0.23775,53250,77070,"Commercial","Dallas"
19807,0.4547,118800,245700,"Commercial","Dallas"
11604,0.26639,58000,58000,"Commercial","Dallas"
8812,0.2023,44000,44000,"Commercial","Dallas"
9123,0.20943,54620,261000,"Commercial","Dallas"
4343,0.09969,26070,26070,"Commercial","Dallas"
13258,0.30435,79450,215000,"Commercial","Dallas"
48300,1.1088,241320,241320,"Commercial","Dallas"
18306,0.42024,91480,91480,"Commercial","Dallas"
7265,0.16679,36480,178990,"Commercial","Dallas"
14455,0.33184,86700,89220,"Commercial","Dallas"
9325,0.21407,55670,55670,"Commercial","Dallas"
20007,0.45929,1e+05,100000,"Commercial","Dallas"
15005,0.34447,75000,75000,"Commercial","Dallas"
8703,0.19979,43500,43500,"Commercial","Dallas"
11770,0.2702,70460,147010,"Commercial","Dallas"
13416,0.30798,26820,26820,"Commercial","Dallas"
50760,1.16527,253720,253720,"Commercial","Dallas"
41753,0.95851,208650,208650,"Commercial","Dallas"
12005,0.27559,60000,60000,"Commercial","Dallas"
15335,0.35204,91980,399360,"Commercial","Dallas"
12004,0.27557,60000,60000,"Commercial","Dallas"
14255,0.32724,85500,143280,"Commercial","Dallas"
9162,0.21032,45960,45960,"Commercial","Dallas"
23794,0.54622,121200,255000,"Commercial","Dallas"
21127,0.485,42240,42240,"Commercial","Dallas"
9660,0.22176,52060,150000,"Commercial","Dallas"
2108,0.0484,2110,2110,"Commercial","Dallas"
22277,0.5114,67500,214510,"Commercial","Dallas"
18544,0.42571,6170,6170,"Commercial","Dallas"
1902,0.04367,3750,80000,"Commercial","Dallas"
20269,0.4653,61440,1317370,"Commercial","Dallas"
566238,12.99876,261360,261360,"Commercial","Dallas"
34176,0.78455,68320,68320,"Commercial","Dallas"
23719,0.54449,236700,401850,"Commercial","Dallas"
35629,0.8179,70480,343390,"Commercial","Dallas"
103449,2.37482,101600,1569860,"Commercial","Dallas"
9422,0.21629,24860,24860,"Commercial","Dallas"
1733,0.03977,3750,3750,"Commercial","Dallas"
133815,3.07191,204190,205500,"Commercial","Dallas"
22376,0.51367,223460,541200,"Commercial","Dallas"
17448,0.40055,36750,36750,"Commercial","Dallas"
21738,0.49903,22560,194000,"Commercial","Dallas"
19791,0.45434,59360,842790,"Commercial","Dallas"
161696,3.71194,161780,2110890,"Commercial","Dallas"
162663,3.73415,28750,164070,"Commercial","Dallas"
2322,0.0533,11310,11310,"Commercial","Dallas"
7158,0.16433,43130,177060,"Commercial","Dallas"
82188,1.88674,128070,485840,"Commercial","Dallas"
77198,1.77219,231300,1508000,"Commercial","Dallas"
3431,0.07876,6970,63790,"Commercial","Dallas"
189516,4.35061,187960,504000,"Commercial","Dallas"
9487,0.2178,35000,35000,"Commercial","Dallas"
8764,0.2012,51980,273000,"Commercial","Dallas"
18630,0.42769,74500,318780,"Commercial","Dallas"
31317,0.71892,107100,739820,"Commercial","Dallas"
58747,1.34862,88000,324620,"None","Dallas"
66509,1.52681,88000,88000,"None","Dallas"
55271,1.26881,80000,323850,"None","Dallas"
257067,5.90133,115000,218280,"None","Dallas"
31037,0.7125,63250,354390,"None","Dallas"
27817,0.63858,57500,313000,"None","Dallas"
31169,0.71553,63250,344990,"None","Dallas"
35623,0.81778,57500,347770,"None","Dallas"
33259,0.76351,57500,291490,"None","Dallas"
31450,0.72197,57500,315140,"None","Dallas"
32512,0.74635,57500,259810,"None","Dallas"
34890,0.80094,57500,315400,"None","Dallas"
32512,0.74636,57500,339840,"None","Dallas"
141494,3.24818,1e+05,370740,"None","Dallas"
157371,3.61267,15000,78690,"None","Dallas"
745281,17.10894,276812,489032,"None","Dallas"
166016,3.81113,105000,109620,"None","Dallas"
192141,4.41086,110000,286790,"None","Dallas"
69323,1.5914,80000,230000,"None","Dallas"
44551,1.02272,49000,49000,"None","Dallas"
45071,1.03466,49000,49000,"None","Dallas"
33523,0.76956,57500,291950,"None","Dallas"
32512,0.74635,57500,356420,"None","Dallas"
33920,0.77867,57500,347880,"None","Dallas"
45206,1.03778,49000,49000,"None","Dallas"
45118,1.03575,49000,49000,"None","Dallas"
44218,1.01508,49000,49000,"None","Dallas"
44855,1.0297,49000,49000,"None","Dallas"
32515,0.74643,57500,350970,"None","Dallas"
32515,0.74643,57500,299870,"None","Dallas"
46342,1.06384,49000,49000,"None","Dallas"
46195,1.06048,49000,49000,"None","Dallas"
32512,0.74635,57500,409980,"None","Dallas"
32712,0.75096,57500,336090,"None","Dallas"
32577,0.74785,63250,264330,"None","Dallas"
217835,5.00069,110000,433610,"None","Dallas"
32847,0.75406,57500,342480,"None","Dallas"
140249,3.21962,161000,683660,"None","Dallas"
32515,0.74643,63250,363730,"None","Dallas"
44998,1.03298,49000,49000,"None","Dallas"
46428,1.06583,53900,53900,"None","Dallas"
44956,1.03203,49000,49000,"None","Dallas"
42486,0.97531,61600,61600,"None","Dallas"
45303,1.03999,56000,56000,"None","Dallas"
32515,0.74643,57500,282000,"None","Dallas"
35070,0.80508,57500,297410,"None","Dallas"
44543,1.02253,61600,61600,"None","Dallas"
236976,5.44012,110000,333150,"None","Dallas"
44645,1.0249,77000,351740,"None","Dallas"
32515,0.74643,57500,292360,"None","Dallas"
46753,1.07329,49000,49000,"None","Dallas"
30564,0.70164,57500,322380,"None","Dallas"
33118,0.76026,57500,367280,"None","Dallas"
54295,1.24643,43350,43350,"None","Dallas"
69956,1.60593,80000,80000,"None","Dallas"
34430,0.79038,57500,297620,"None","Dallas"
43658,1.00223,77000,336720,"None","Dallas"
44458,1.0206,53900,53900,"None","Dallas"
46629,1.07044,53900,53900,"None","Dallas"
44598,1.02381,49000,49000,"None","Dallas"
46155,1.05954,49000,49000,"None","Dallas"
31871,0.73164,57500,291910,"None","Dallas"
33373,0.76611,57500,313670,"None","Dallas"
32515,0.74643,57500,346970,"None","Dallas"
33388,0.76646,57500,316510,"None","Dallas"
44253,1.0159,49000,49000,"None","Dallas"
45176,1.03707,56000,56000,"None","Dallas"
32515,0.74643,57500,327720,"None","Dallas"
45443,1.0432,53900,61060,"None","Dallas"
44702,1.02619,49000,49000,"None","Dallas"
32982,0.75716,57500,366970,"None","Dallas"
32515,0.74643,57500,346170,"None","Dallas"
33472,0.7684,63250,311290,"None","Dallas"
31590,0.7252,57500,315550,"None","Dallas"
35254,0.80931,57500,430070,"None","Dallas"
32011,0.73486,57500,279000,"None","Dallas"
31993,0.73444,57500,283040,"None","Dallas"
32515,0.74643,57500,311950,"None","Dallas"
68511,1.57276,40000,40000,"None","Dallas"
43151,0.99059,46880,91750,"None","Dallas"
46543,1.06845,46880,136620,"None","Dallas"
43151,0.99059,7500,33980,"None","Dallas"
31705,0.72783,57500,340870,"None","Dallas"
67318,1.54538,80000,449900,"None","Dallas"
175738,4.03431,105000,320240,"None","Dallas"
78853,1.81017,81900,81900,"None","Dallas"
68303,1.56799,80000,428610,"None","Dallas"
68553,1.57372,50000,50000,"None","Dallas"
97971,2.24905,52800,326470,"None","Dallas"
30911,0.7096,57500,341930,"None","Dallas"
33117,0.76025,57500,339210,"None","Dallas"
50139,1.15101,51560,51570,"None","Dallas"
43067,0.98867,46880,100760,"None","Dallas"
43178,0.99121,46880,71480,"None","Dallas"
43146,0.99048,46880,81810,"None","Dallas"
46466,1.06669,46880,46880,"None","Dallas"
46492,1.06728,46880,83580,"None","Dallas"
46415,1.06552,46880,95360,"None","Dallas"
46390,1.06494,46880,85600,"None","Dallas"
46619,1.0702,46880,48110,"None","Dallas"
46364,1.06435,46880,82030,"None","Dallas"
46339,1.06377,46880,82800,"None","Dallas"
50713,1.16418,46880,48530,"None","Dallas"
46288,1.0626,46880,99500,"None","Dallas"
46262,1.06201,46880,71500,"None","Dallas"
43151,0.99058,46880,111440,"None","Dallas"
43151,0.99059,46880,80340,"None","Dallas"
43151,0.99059,46880,71570,"None","Dallas"
43151,0.99059,46880,47680,"None","Dallas"
43151,0.99058,46880,97690,"None","Dallas"
43151,0.99059,46880,50150,"None","Dallas"
67356,1.54626,64000,295000,"None","Dallas"
66404,1.52439,64000,271270,"None","Dallas"
66736,1.53201,64000,208560,"None","Dallas"
66743,1.53217,64000,290029,"None","Dallas"
57289,1.31516,62500,176460,"None","Dallas"
579536,13.30404,266280,621000,"None","Dallas"
36036,0.82726,57500,294610,"None","Dallas"
31309,0.71875,57500,294300,"None","Dallas"
32512,0.74635,63250,331900,"None","Dallas"
31785,0.72967,57500,328780,"None","Dallas"
43141,0.99037,46880,90520,"None","Dallas"
46593,1.06961,46880,84050,"None","Dallas"
58618,1.34565,51560,52510,"None","Dallas"
43151,0.9906,46880,67820,"None","Dallas"
66712,1.53146,64000,224350,"None","Dallas"
66407,1.52446,64000,274100,"None","Dallas"
48001,1.10192,26250,182350,"None","Dallas"
34525,0.79256,57500,299740,"None","Dallas"
33253,0.76336,57500,327330,"None","Dallas"
33795,0.7758,57500,297000,"None","Dallas"
32512,0.74635,57500,285380,"None","Dallas"
32152,0.73808,57500,325430,"None","Dallas"
32512,0.74636,57500,304780,"None","Dallas"
32292,0.7413,57500,306720,"None","Dallas"
32512,0.74635,57500,313140,"None","Dallas"
32551,0.74725,57500,329950,"None","Dallas"
33389,0.76649,63250,345510,"None","Dallas"
35436,0.81347,57500,330270,"None","Dallas"
31548,0.72424,57500,347500,"None","Dallas"
44541,1.0225,62500,62500,"None","Dallas"
46568,1.06903,46880,67130,"None","Dallas"
69007,1.58414,80000,245530,"None","Dallas"
69639,1.59867,80000,321660,"None","Dallas"
70272,1.61319,80000,346700,"None","Dallas"
33018,0.75798,57500,299310,"None","Dallas"
49419,1.13449,60000,350000,"None","Dallas"
45069,1.03463,56000,56000,"None","Dallas"
44771,1.02777,56000,56000,"None","Dallas"
44840,1.02936,49000,49000,"None","Dallas"
31700,0.72773,57500,346090,"None","Dallas"
31675,0.72714,57500,321450,"None","Dallas"
50350,1.15585,62500,403530,"None","Dallas"
264174,6.06447,115000,444930,"None","Dallas"
71615,1.64401,72074,258634,"None","Dallas"
69792,1.60216,32800,244640,"None","Dallas"
71754,1.64722,80000,320860,"None","Dallas"
62340,1.43109,80000,274530,"None","Dallas"
33430,0.76742,57500,332880,"None","Dallas"
126333,2.90015,90000,411420,"None","Dallas"
34804,0.79898,63250,331270,"None","Dallas"
43104,0.98951,36000,75000,"None","Dallas"
46313,1.06318,46880,110200,"None","Dallas"
143487,3.29394,90000,207760,"None","Dallas"
526759,12.09247,266360,942210,"None","Dallas"
305084,7.00362,125000,474510,"None","Dallas"
46517,1.06786,46880,92390,"None","Dallas"
265622,6.09772,115000,332430,"None","Dallas"
217924,5.00274,99000,431640,"None","Dallas"
97896,2.24734,63000,301930,"None","Dallas"
44828,1.0291,53900,53900,"None","Dallas"
55269,1.26877,53900,53900,"None","Dallas"
43766,1.0047,53900,53900,"None","Dallas"
44568,1.02311,49000,49000,"None","Dallas"
45161,1.03673,49000,49000,"None","Dallas"
916729,21.04477,243000,243000,"None","Dallas"
130383,2.99312,78750,78750,"None","Dallas"
45049,1.03415,56000,56000,"None","Dallas"
242380,5.56416,115000,115000,"None","Dallas"
136180,3.12621,75000,84060,"None","Dallas"
45522,1.04501,53900,53900,"None","Dallas"
52584,1.20714,51560,109420,"None","Dallas"
87178,2.0013,135000,266355,"None","Dallas"
68332,1.56866,80000,403810,"None","Dallas"
44390,1.01904,90000,437766,"None","Dallas"
80099,1.83877,120000,324160,"None","Dallas"
96287,2.21041,135000,361600,"None","Dallas"
24692,0.56685,33750,65880,"None","Dallas"
47482,1.09001,60000,211700,"None","Dallas"
460718,10.57642,288530,541140,"None","Dallas"
24476,0.56188,33750,116220,"None","Dallas"
81690,1.8753,135000,300000,"None","Dallas"
42732,0.98097,62500,306060,"None","Dallas"
70748,1.62411,72000,335770,"None","Dallas"
59494,1.36577,80000,306790,"None","Dallas"
41692,0.9571,62500,335140,"None","Dallas"
49089,1.12691,60000,340600,"None","Dallas"
33813,0.77623,57500,343720,"None","Dallas"
33813,0.77622,63250,331220,"None","Dallas"
38574,0.88552,62500,300780,"None","Dallas"
89408,2.05248,135000,411110,"None","Dallas"
48313,1.1091,113370,123710,"None","Dallas"
379903,8.72118,126156,700334,"None","Dallas"
34647,0.79536,57500,248430,"None","Dallas"
33822,0.77643,57500,271590,"None","Dallas"
33277,0.76393,57500,190730,"None","Dallas"
37124,0.85224,63250,295780,"None","Dallas"
33025,0.75813,57500,135000,"None","Dallas"
84146,1.93169,90000,219680,"None","Dallas"
144532,3.31792,1e+05,292470,"None","Dallas"
83129,1.90833,90000,301780,"None","Dallas"
31519,0.72355,57500,196950,"None","Dallas"
258448,5.93303,70130,208720,"None","Dallas"
2084,0.04785,30000,165280,"None","Dallas"
235129,5.39771,82500,105380,"None","Dallas"
184342,4.23181,78750,108140,"None","Dallas"
32553,0.7473,57500,131790,"None","Dallas"
22504,0.51661,55500,162450,"None","Dallas"
42437,0.97419,62500,296610,"None","Dallas"
90927,2.08735,148500,381310,"None","Dallas"
81525,1.87152,135000,357040,"None","Dallas"
102792,2.35974,150000,383540,"None","Dallas"
45030,1.03372,46880,55740,"None","Dallas"
134199,3.08073,142500,391920,"None","Dallas"
40455,0.92869,62500,289670,"None","Dallas"
33277,0.76392,57500,244530,"None","Dallas"
86606,1.98816,135000,497350,"None","Dallas"
55986,1.28525,72000,293680,"None","Dallas"
34046,0.78157,62500,238560,"None","Dallas"
217842,5.00086,110000,235000,"None","Dallas"
88477,2.03111,135000,394390,"None","Dallas"
87832,2.01629,135000,432320,"None","Dallas"
90084,2.06801,135000,356570,"None","Dallas"
29941,0.68734,60000,210000,"None","Dallas"
42781,0.9821,62500,232750,"None","Dallas"
47541,1.09137,93750,339120,"None","Dallas"
83872,1.9254,135000,412840,"None","Dallas"
43452,0.99751,93750,300400,"None","Dallas"
41311,0.94834,93750,284340,"None","Dallas"
37747,0.86654,62500,303920,"None","Dallas"
37086,0.85136,62500,217490,"None","Dallas"
41544,0.95371,93750,299980,"None","Dallas"
84182,1.93251,135000,320710,"None","Dallas"
36399,0.8356,62500,240680,"None","Dallas"
39574,0.90847,62500,308050,"None","Dallas"
64987,1.49187,80000,260800,"None","Dallas"
91327,2.09653,135000,290000,"None","Dallas"
30005,0.68881,12500,267270,"None","Dallas"
67922,1.55925,80000,280024,"None","Dallas"
45769,1.05069,93750,360340,"None","Dallas"
31228,0.71689,57500,268510,"None","Dallas"
78647,1.80546,135000,264010,"None","Dallas"
174269,4.00057,173250,364390,"None","Dallas"
87568,2.01024,135000,345000,"None","Dallas"
33625,0.77192,62500,376980,"None","Dallas"
26455,0.6073,86250,355330,"None","Dallas"
36843,0.84578,93750,318870,"None","Dallas"
39683,0.91099,90000,300000,"None","Dallas"
34164,0.78428,57500,294170,"None","Dallas"
37986,0.87201,57500,252550,"None","Dallas"
77425,1.77739,135000,365810,"None","Dallas"
40455,0.92869,93750,300750,"None","Dallas"
91410,2.09844,135000,288910,"None","Dallas"
90789,2.08419,135000,342190,"None","Dallas"
42801,0.98256,62500,370430,"None","Dallas"
62297,1.4301,80000,323554,"None","Dallas"
34478,0.79148,57500,283200,"None","Dallas"
49145,1.1282,42750,43470,"None","Dallas"
41565,0.95418,35630,95310,"None","Dallas"
183466,4.21172,75000,271960,"None","Dallas"
394048,9.04591,33530,318720,"None","Dallas"
187608,4.30681,75000,281620,"None","Dallas"
388898,8.92768,176250,365770,"None","Dallas"
44022,1.01058,45000,83000,"None","Dallas"
185054,4.24818,75000,297450,"None","Dallas"
95634,2.1954,67500,280110,"None","Dallas"
47992,1.10172,45000,187210,"None","Dallas"
23179,0.5321,33750,101180,"None","Dallas"
95668,2.1962,135000,436070,"None","Dallas"
43163,0.99087,45000,234960,"None","Dallas"
30122,0.69149,57500,213360,"None","Dallas"
87627,2.01159,135000,321040,"None","Dallas"
45636,1.04765,93750,302010,"None","Dallas"
42945,0.98587,93750,409750,"None","Dallas"
28891,0.66322,167230,261380,"None","Dallas"
84486,1.9395,135000,334300,"None","Dallas"
61268,1.4065,80000,353590,"None","Dallas"
59962,1.3765,36000,312380,"None","Dallas"
41803,0.95964,45000,112960,"None","Dallas"
348715,8.00524,135000,396350,"None","Dallas"
49920,1.14597,45000,199940,"None","Dallas"
43663,1.00233,126760,158810,"None","Dallas"
22574,0.51822,33750,122620,"None","Dallas"
60798,1.39569,62500,282850,"None","Dallas"
45427,1.04283,90000,408140,"None","Dallas"
84271,1.93457,135000,285000,"None","Dallas"
43064,0.9886,62500,386940,"None","Dallas"
42891,0.98461,90000,330000,"None","Dallas"
29067,0.66728,33750,45540,"None","Dallas"
34279,0.78692,57500,310030,"None","Dallas"
269212,6.18012,77630,77630,"None","Dallas"
123234,2.82901,150000,472820,"None","Dallas"
173316,3.97869,1080,1080,"None","Dallas"
42770,0.98184,126760,317360,"None","Dallas"
35735,0.82036,103940,112590,"None","Dallas"
26428,0.60668,37130,37510,"None","Dallas"
47763,1.09646,93750,293610,"None","Dallas"
183059,4.20238,78750,90750,"None","Dallas"
31363,0.71998,57500,196690,"None","Dallas"
251678,5.7776,113240,113240,"None","Dallas"
49871,1.14486,50000,370757,"None","Dallas"
23425,0.53774,33750,86480,"None","Dallas"
42548,0.97674,45000,71340,"None","Dallas"
24637,0.56557,32060,32060,"None","Dallas"
54101,1.24195,93750,492510,"None","Dallas"
88698,2.03619,135000,474520,"None","Dallas"
28495,0.65415,33750,35050,"None","Dallas"
33782,0.7755,57500,312200,"None","Dallas"
39860,0.91504,45000,81540,"None","Dallas"
28282,0.64924,33750,33750,"None","Dallas"
31090,0.71371,57500,191970,"None","Dallas"
89041,2.04405,135000,232996,"None","Dallas"
45328,1.04057,93750,410190,"None","Dallas"
26692,0.61275,55500,200000,"None","Dallas"
174688,4.01019,105000,295220,"None","Dallas"
56481,1.29659,120000,251254,"None","Dallas"
50573,1.16098,93750,432130,"None","Dallas"
108367,2.48772,150000,434730,"None","Dallas"
35575,0.81668,45000,103550,"None","Dallas"
29951,0.68756,33750,34950,"None","Dallas"
30730,0.70545,57500,218790,"None","Dallas"
109457,2.51273,292690,331340,"None","Dallas"
35487,0.81465,57500,203060,"None","Dallas"
21725,0.49872,33750,34610,"None","Dallas"
50336,1.15553,45000,77140,"None","Dallas"
38087,0.87434,93750,328430,"None","Dallas"
106874,2.45343,90000,150450,"None","Dallas"
21631,0.49656,82500,83680,"None","Dallas"
348601,8.00262,180000,250000,"None","Dallas"
90083,2.06799,135000,331660,"None","Dallas"
348649,8.00371,144000,147110,"None","Dallas"
53176,1.22073,62500,148050,"None","Dallas"
87126,2.00011,90000,306440,"None","Dallas"
133043,3.05419,76000,249800,"None","Dallas"
45256,1.03891,90000,517677,"None","Dallas"
37960,0.87143,41630,55320,"None","Dallas"
43579,1.00043,36000,320430,"None","Dallas"
146066,3.35314,71250,225240,"None","Dallas"
73131,1.67881,132000,376080,"None","Dallas"
154722,3.55185,75000,268390,"None","Dallas"
49076,1.1266,62500,287710,"None","Dallas"
84182,1.93252,60000,87880,"None","Dallas"
22700,0.52111,44400,148070,"None","Dallas"
40045,0.91929,62500,320630,"None","Dallas"
27262,0.62584,33750,54900,"None","Dallas"
28144,0.64608,80170,103590,"None","Dallas"
85794,1.96952,135000,406010,"None","Dallas"
44396,1.01917,90000,483054,"None","Dallas"
38410,0.88174,62500,357760,"None","Dallas"
44194,1.01454,93750,278390,"None","Dallas"
60024,1.37793,60000,349619,"None","Dallas"
59019,1.35486,120000,424240,"None","Dallas"
46051,1.05716,90000,497651,"None","Dallas"
46417,1.06558,93750,379140,"None","Dallas"
48330,1.10948,93750,548780,"None","Dallas"
62103,1.42565,120000,476100,"None","Dallas"
48038,1.10277,15000,382910,"None","Dallas"
51856,1.19043,93750,460670,"None","Dallas"
65473,1.50301,120000,490290,"None","Dallas"
58203,1.33613,93750,517940,"None","Dallas"
72406,1.66219,120000,495720,"None","Dallas"
46638,1.07065,90000,434155,"None","Dallas"
50924,1.16903,93750,468810,"None","Dallas"
62278,1.42968,120000,548170,"None","Dallas"
50781,1.16576,90000,402435,"None","Dallas"
51286,1.17735,93750,459260,"None","Dallas"
49746,1.14198,93750,410020,"None","Dallas"
49188,1.12917,90000,430000,"None","Dallas"
48429,1.11176,90000,465960,"None","Dallas"
49107,1.12733,93750,492890,"None","Dallas"
82830,1.90148,135000,463310,"None","Dallas"
78867,1.81049,135000,523160,"None","Dallas"
71008,1.63009,120000,579780,"None","Dallas"
48856,1.12155,93750,439720,"None","Dallas"
65886,1.5125,120000,559040,"None","Dallas"
55753,1.27989,120000,472416,"None","Dallas"
45457,1.04353,90000,472878,"None","Dallas"
43783,1.0051,90000,470934,"None","Dallas"
45048,1.03414,90000,466875,"None","Dallas"
91748,2.10621,135000,550560,"None","Dallas"
130553,2.99702,142500,553050,"None","Dallas"
176119,4.04305,157500,492320,"None","Dallas"
147537,3.38692,98520,577000,"None","Dallas"
52330,1.20131,93750,472950,"None","Dallas"
84292,1.93503,135000,535021,"None","Dallas"
45545,1.04555,93750,565560,"None","Dallas"
49537,1.1372,90000,470966,"None","Dallas"
128139,2.9416,71250,289440,"None","Dallas"
75538,1.73407,120000,388920,"None","Dallas"
42035,0.96497,62500,395810,"None","Dallas"
247556,5.68299,86250,129030,"None","Dallas"
88185,2.02441,135000,413790,"None","Dallas"
89613,2.05718,135000,325670,"None","Dallas"
25628,0.58832,33750,94390,"None","Dallas"
42500,0.97564,62500,258700,"None","Dallas"
251475,5.77295,110000,323460,"None","Dallas"
53413,1.22616,45000,45000,"None","Dallas"
42555,0.9769,45000,45000,"None","Dallas"
25618,0.58809,33750,99660,"None","Dallas"
33101,0.75988,28030,28030,"None","Dallas"
80980,1.85901,90000,236020,"None","Dallas"
334078,7.66921,144000,316650,"None","Dallas"
50832,1.16692,93750,386200,"None","Dallas"
83922,1.92655,135000,546230,"None","Dallas"
70449,1.61724,120000,437870,"None","Dallas"
131376,3.01591,150000,463970,"None","Dallas"
70271,1.61316,120000,477030,"None","Dallas"
137270,3.15123,150000,485930,"None","Dallas"
72962,1.67494,135000,456019,"None","Dallas"
46876,1.0761,93750,367920,"None","Dallas"
70423,1.61665,120000,434100,"None","Dallas"
64090,1.47126,120000,398790,"None","Dallas"
47156,1.08252,90000,390493,"None","Dallas"
51007,1.17093,90000,364980,"None","Dallas"
49035,1.12568,93750,416720,"None","Dallas"
46203,1.06065,90000,343000,"None","Dallas"
45921,1.05418,93750,412900,"None","Dallas"
46717,1.07244,93750,354460,"None","Dallas"
53086,1.21865,93750,371150,"None","Dallas"
44435,1.02006,72000,395190,"None","Dallas"
58193,1.3359,120000,440360,"None","Dallas"
44791,1.02823,93750,377290,"None","Dallas"
44352,1.01816,90000,320000,"None","Dallas"
45754,1.05035,93750,401190,"None","Dallas"
44485,1.0212,93750,393030,"None","Dallas"
45416,1.04259,93750,386610,"None","Dallas"
45562,1.04594,93750,409520,"None","Dallas"
44842,1.02941,90000,403110,"None","Dallas"
44556,1.02285,93750,375560,"None","Dallas"
44796,1.02835,90000,400000,"None","Dallas"
44522,1.02207,93750,366360,"None","Dallas"
45623,1.04733,90000,421715,"None","Dallas"
44631,1.02457,93750,398000,"None","Dallas"
41288,0.94783,62500,312730,"None","Dallas"
48305,1.10891,62500,370000,"None","Dallas"
61430,1.41022,80000,345990,"None","Dallas"
82550,1.89504,135000,335910,"None","Dallas"
45246,1.03868,93750,476970,"None","Dallas"
25635,0.58849,32060,34630,"None","Dallas"
139627,3.20533,49880,134380,"None","Dallas"
32929,0.75593,57500,191560,"None","Dallas"
50871,1.16782,93750,300070,"None","Dallas"
20865,0.47898,33750,71860,"None","Dallas"
302032,6.93355,93750,130860,"None","Dallas"
19868,0.45609,33750,34850,"None","Dallas"
21260,0.48806,33750,35120,"None","Dallas"
42725,0.98081,45000,46150,"None","Dallas"
169766,3.89721,81600,340000,"None","Dallas"
48658,1.11702,93750,412320,"None","Dallas"
66779,1.53301,120000,325030,"None","Dallas"
27497,0.63124,75580,191880,"None","Dallas"
78936,1.81208,167360,336890,"None","Dallas"
42713,0.98054,46880,130500,"None","Dallas"
33306,0.76458,37500,40720,"None","Dallas"
34743,0.79757,57500,299210,"None","Dallas"
87000,1.99721,135000,388290,"None","Dallas"
23746,0.54513,33750,41730,"None","Dallas"
86875,1.99434,135000,450000,"None","Dallas"
64166,1.47301,120000,342890,"None","Dallas"
91212,2.0939,135000,403100,"None","Dallas"
91236,2.09445,135000,356490,"None","Dallas"
39384,0.90412,62500,300170,"None","Dallas"
77510,1.77935,135000,402000,"None","Dallas"
34663,0.79574,90000,270000,"None","Dallas"
41415,0.95074,93750,294180,"None","Dallas"
33613,0.77163,28030,85000,"None","Dallas"
95559,2.19368,135000,386480,"None","Dallas"
54947,1.26139,62500,231920,"None","Dallas"
94534,2.17015,135000,378560,"None","Dallas"
38979,0.89481,62500,322770,"None","Dallas"
32479,0.74561,57500,273750,"None","Dallas"
41010,0.94143,62500,338570,"None","Dallas"
33813,0.77623,57500,263120,"None","Dallas"
87567,2.01022,135000,294900,"None","Dallas"
35981,0.82598,57500,185160,"None","Dallas"
83141,1.90861,135000,358450,"None","Dallas"
97721,2.24332,148500,408540,"None","Dallas"
41813,0.95989,93750,324660,"None","Dallas"
57002,1.30857,132000,326270,"None","Dallas"
6712,0.15408,186580,199320,"None","Dallas"
47513,1.09072,62500,291520,"None","Dallas"
107168,2.46018,135000,427910,"None","Dallas"
44312,1.01725,90000,220780,"None","Dallas"
32010,0.73483,57500,187090,"None","Dallas"
44263,1.01613,18750,169340,"None","Dallas"
32504,0.74618,57500,201540,"None","Dallas"
29491,0.67702,33750,66470,"None","Dallas"
26000,0.59686,33750,40110,"None","Dallas"
25491,0.58518,33750,74200,"None","Dallas"
26595,0.61053,33750,33750,"None","Dallas"
7569,0.17376,186310,197700,"None","Dallas"
56594,1.29918,80000,415270,"None","Dallas"
41147,0.94458,45000,88060,"None","Dallas"
41373,0.94978,45000,80810,"None","Dallas"
45175,1.03705,45000,69080,"None","Dallas"
248627,5.70756,110000,314590,"None","Dallas"
45763,1.05056,33750,34500,"None","Dallas"
42391,0.97315,45000,104440,"None","Dallas"
25635,0.58849,33750,34710,"None","Dallas"
22853,0.52463,33750,35470,"None","Dallas"
23067,0.52953,33750,99070,"None","Dallas"
43752,1.00439,45000,86610,"None","Dallas"
25339,0.58169,33750,35910,"None","Dallas"
23438,0.53804,33750,34250,"None","Dallas"
42444,0.97437,45000,46120,"None","Dallas"
345667,7.93526,180000,211000,"None","Dallas"
351515,8.0695,180000,214730,"None","Dallas"
348673,8.00427,2e+05,399090,"None","Dallas"
348612,8.00285,180000,321770,"None","Dallas"
348614,8.00291,198000,198000,"None","Dallas"
42635,0.97875,60000,220000,"None","Dallas"
363616,8.3473,194750,194750,"None","Dallas"
85507,1.96293,50000,278580,"None","Dallas"
189846,4.35817,75780,75780,"None","Dallas"
58793,1.34967,63750,298050,"None","Dallas"
61216,1.40529,63750,224480,"None","Dallas"
27158,0.62344,55500,238990,"None","Dallas"
43505,0.99872,62500,183140,"None","Dallas"
26484,0.60797,55500,220180,"None","Dallas"
26414,0.60638,55500,162344,"None","Dallas"
29359,0.67398,57500,148120,"None","Dallas"
43033,0.98789,101360,150610,"None","Dallas"
191406,4.39399,1e+05,339110,"None","Dallas"
20321,0.46649,265460,265460,"None","Dallas"
194056,4.45483,82500,304840,"None","Dallas"
46144,1.0593,90000,538031,"None","Dallas"
49371,1.13337,50000,430833,"None","Dallas"
50406,1.15713,90000,451935,"None","Dallas"
64585,1.48265,120000,430000,"None","Dallas"
45532,1.04525,90000,452400,"None","Dallas"
47005,1.07906,93750,432470,"None","Dallas"
45474,1.04391,20630,61060,"None","Dallas"
448792,10.30264,285000,492830,"None","Dallas"
52228,1.19896,62500,185560,"None","Dallas"
74751,1.71601,67500,245090,"None","Dallas"
275244,6.3186,86250,119890,"None","Dallas"
257416,5.90933,115732,575645,"None","Dallas"
47097,1.08117,62500,319980,"None","Dallas"
40726,0.93493,63250,271900,"None","Dallas"
85549,1.96391,90000,362720,"None","Dallas"
81762,1.87696,90000,381740,"None","Dallas"
125779,2.88743,1e+05,345490,"None","Dallas"
315221,7.23633,116880,430040,"None","Dallas"
64823,1.4881,80000,256450,"None","Dallas"
106593,2.44698,90000,261440,"None","Dallas"
445170,10.21949,185120,430745,"None","Dallas"
55393,1.27161,80000,231130,"None","Dallas"
48341,1.10973,54000,348770,"None","Dallas"
97704,2.24294,90000,207460,"None","Dallas"
313273,7.1916,1e+05,349350,"None","Dallas"
173711,3.98778,84000,233450,"None","Dallas"
48826,1.12088,90000,390300,"None","Dallas"
49069,1.12645,93750,400780,"None","Dallas"
45488,1.04425,93750,415160,"None","Dallas"
45038,1.03391,93750,416830,"None","Dallas"
45423,1.04274,93750,366290,"None","Dallas"
51207,1.17553,62500,297660,"None","Dallas"
40238,0.92372,62500,345000,"None","Dallas"
6455,0.14819,43130,100000,"None","Dallas"
19003,0.43624,37130,102300,"None","Dallas"
270711,6.21454,86250,181070,"None","Dallas"
43795,1.00538,45000,48830,"None","Dallas"
66404,1.5244,63750,234950,"None","Dallas"
50214,1.15273,45000,221400,"None","Dallas"
32478,0.74558,33750,62330,"None","Dallas"
23952,0.54985,33750,90070,"None","Dallas"
214376,4.9213,75000,443800,"None","Dallas"
34642,0.79524,33750,93110,"None","Dallas"
25879,0.59409,33750,33750,"None","Dallas"
43919,1.00822,45000,201000,"None","Dallas"
31415,0.72118,33750,144190,"None","Dallas"
27179,0.62392,33750,121760,"None","Dallas"
27965,0.64198,33750,65870,"None","Dallas"
21908,0.50293,33750,65400,"None","Dallas"
46403,1.06525,40500,42100,"None","Dallas"
27444,0.63002,33750,33750,"None","Dallas"
169546,3.89217,75000,202900,"None","Dallas"
26513,0.60864,33750,59470,"None","Dallas"
22343,0.51291,33750,144670,"None","Dallas"
33915,0.77857,33750,33750,"None","Dallas"
25975,0.59629,33750,48890,"None","Dallas"
22639,0.5197,33750,85470,"None","Dallas"
24026,0.55155,33750,34450,"None","Dallas"
213384,4.89853,1e+05,333750,"None","Dallas"
178570,4.09932,1e+05,285790,"None","Dallas"
24278,0.55732,33750,35350,"None","Dallas"
192311,4.41476,1e+05,295790,"None","Dallas"
28339,0.65056,33750,121270,"None","Dallas"
197446,4.53263,1e+05,278000,"None","Dallas"
30693,0.70459,37500,157150,"None","Dallas"
47451,1.0893,38250,45390,"None","Dallas"
219050,5.02858,110000,311000,"None","Dallas"
44181,1.01424,45000,93400,"None","Dallas"
20861,0.47889,33750,105430,"None","Dallas"
23154,0.53154,33750,33750,"None","Dallas"
78300,1.79748,22500,49600,"None","Dallas"
41494,0.95254,45000,45940,"None","Dallas"
81558,1.87228,64130,92850,"None","Dallas"
24935,0.57241,33750,387630,"None","Dallas"
8582,0.19701,30000,201680,"Residential","Dallas"
12695,0.29143,22000,22000,"Residential","Dallas"
350429,8.04457,140530,140530,"Commercial","Dallas"
26414,0.60637,27140,27140,"Commercial","Dallas"
9812,0.22524,22000,138130,"Residential","Dallas"
22424,0.51478,37500,95480,"Residential","Dallas"
8892,0.20414,20000,102910,"Residential","Dallas"
6390,0.1467,22000,135560,"Residential","Dallas"
52525,1.20577,152040,152040,"Commercial","Dallas"
6590,0.15129,24000,111610,"Residential","Dallas"
78737,1.80752,9910,9910,"Commercial","Dallas"
5209,0.11958,30000,165000,"Residential","Dallas"
9083,0.20851,26250,95500,"Residential","Dallas"
3053,0.07009,7320,7320,"Residential","Dallas"
7012,0.16098,42000,42000,"Commercial","Dallas"
7275,0.16702,12000,12000,"Residential","Dallas"
5220,0.11983,17960,94890,"Residential","Dallas"
5462,0.12538,16500,65370,"Residential","Dallas"
7506,0.17231,35000,76860,"Residential","Dallas"
6750,0.15495,30000,148390,"Residential","Dallas"
4685,0.10755,20000,60080,"Residential","Dallas"
3949,0.09065,30000,30000,"Residential","Dallas"
7682,0.17636,12000,12000,"Residential","Dallas"
7013,0.161,23100,74900,"Residential","Dallas"
2265,0.05199,27740,27740,"Commercial","Dallas"
2289,0.05254,9000,9000,"Residential","Dallas"
20633,0.47365,270500,270500,"Commercial","Dallas"
2867,0.0658,12500,12500,"Residential","Dallas"
9189,0.21094,46800,225920,"Residential","Dallas"
5597,0.12848,17250,17250,"Residential","Dallas"
6403,0.147,20000,68790,"Residential","Dallas"
4740,0.1088,17000,96940,"Residential","Dallas"
49255,1.13072,272650,321160,"Commercial","Dallas"
234011,5.37205,5370,5370,"Commercial","Dallas"
8893,0.20414,43880,43880,"Commercial","Dallas"
246170,5.65118,5650,5650,"Commercial","Dallas"
4831855,110.92182,130050,130050,"Commercial","Dallas"
4650,0.10675,110,110,"Commercial","Dallas"
626,0.01438,72700,72700,"None","Philadelphia"
967,0.02219,70300,351500,"None","Philadelphia"
3160,0.07253,28939,144800,"None","Philadelphia"
721,0.01655,42000,254800,"None","Philadelphia"
354,0.00813,113500,113500,"None","Philadelphia"
2047,0.047,58600,293000,"None","Philadelphia"
280,0.00643,55400,55400,"None","Philadelphia"
983,0.02257,56120,280600,"None","Philadelphia"
880,0.0202,90700,453700,"None","Philadelphia"
1094,0.02511,103060,515300,"None","Philadelphia"
640,0.01469,21300,21300,"None","Philadelphia"
527,0.01211,36500,46200,"None","Philadelphia"
465,0.01067,30260,151300,"None","Philadelphia"
1098,0.02521,36500,82100,"None","Philadelphia"
833,0.01913,41420,207100,"None","Philadelphia"
881,0.02022,8900,44600,"None","Philadelphia"
577,0.01323,36500,53100,"None","Philadelphia"
790,0.01814,36500,53700,"None","Philadelphia"
1388,0.03185,4740,23700,"None","Philadelphia"
660,0.01516,14700,14700,"None","Philadelphia"
772,0.01773,21300,21300,"None","Philadelphia"
733,0.01683,15700,15700,"None","Philadelphia"
844,0.01938,10300,10300,"None","Philadelphia"
873,0.02003,13100,65900,"None","Philadelphia"
644,0.01478,36500,22400,"None","Philadelphia"
1603,0.0368,36500,7600,"None","Philadelphia"
977,0.02243,36500,29400,"None","Philadelphia"
474,0.01089,16600,16600,"None","Philadelphia"
775,0.01779,32660,163300,"None","Philadelphia"
1482,0.03402,38160,190800,"None","Philadelphia"
967,0.0222,36500,29300,"None","Philadelphia"
1044,0.02396,50000,50000,"None","Philadelphia"
1012,0.02323,15100,75800,"None","Philadelphia"
711,0.01633,30760,153800,"None","Philadelphia"
993,0.02279,33300,166900,"None","Philadelphia"
1464,0.0336,70200,70200,"None","Philadelphia"
653,0.01499,27900,139800,"None","Philadelphia"
791,0.01815,16300,16300,"None","Philadelphia"
1204,0.02764,15260,76300,"None","Philadelphia"
751,0.01724,36500,16100,"None","Philadelphia"
639,0.01466,7680,38400,"None","Philadelphia"
732,0.0168,12460,62300,"None","Philadelphia"
968,0.02223,15620,78100,"None","Philadelphia"
1020,0.02341,36500,68700,"None","Philadelphia"
768,0.01764,36500,78200,"None","Philadelphia"
938,0.02153,12900,64500,"None","Philadelphia"
944,0.02168,20500,20500,"None","Philadelphia"
1184,0.02718,18800,18800,"None","Philadelphia"
1263,0.029,36500,71700,"None","Philadelphia"
935,0.02147,13000,13000,"None","Philadelphia"
1630,0.03742,24000,24000,"None","Philadelphia"
1912,0.04389,18560,92800,"None","Philadelphia"
991,0.02275,36500,64500,"None","Philadelphia"
749,0.01719,23100,23100,"None","Philadelphia"
798,0.01833,16300,16300,"None","Philadelphia"
931,0.02138,3860,19300,"None","Philadelphia"
935,0.02147,36500,51300,"None","Philadelphia"
1175,0.02696,30300,30300,"None","Philadelphia"
728,0.01671,16000,16000,"None","Philadelphia"
949,0.02179,36500,62700,"None","Philadelphia"
857,0.01968,9640,48200,"None","Philadelphia"
1076,0.02471,22800,22800,"None","Philadelphia"
910,0.0209,4140,20700,"None","Philadelphia"
1026,0.02355,21500,21500,"None","Philadelphia"
579,0.01328,6600,6600,"None","Philadelphia"
1345,0.03087,22900,22900,"None","Philadelphia"
1325,0.03041,4500,4500,"None","Philadelphia"
954,0.02189,36500,24100,"None","Philadelphia"
1238,0.02842,19000,99000,"None","Philadelphia"
553,0.0127,5120,25600,"None","Philadelphia"
1036,0.02379,5120,25600,"None","Philadelphia"
649,0.0149,14300,14300,"None","Philadelphia"
820,0.01881,12580,62900,"None","Philadelphia"
1620,0.03719,37600,37600,"None","Philadelphia"
639,0.01467,36500,29800,"None","Philadelphia"
756,0.01735,36500,15600,"None","Philadelphia"
769,0.01766,15540,77700,"None","Philadelphia"
1220,0.028,39640,198200,"None","Philadelphia"
797,0.0183,36500,18100,"None","Philadelphia"
678,0.01557,21800,21800,"None","Philadelphia"
942,0.02163,31700,31700,"None","Philadelphia"
683,0.01568,7480,37400,"None","Philadelphia"
840,0.01929,18700,18700,"None","Philadelphia"
832,0.0191,36500,18800,"None","Philadelphia"
997,0.02289,19000,19000,"None","Philadelphia"
871,0.01998,17400,17400,"None","Philadelphia"
690,0.01584,7480,37400,"None","Philadelphia"
644,0.01478,7680,38400,"None","Philadelphia"
1284,0.02948,36500,29300,"None","Philadelphia"
945,0.02169,21000,21000,"None","Philadelphia"
1078,0.02475,30720,153600,"None","Philadelphia"
707,0.01624,3820,19100,"None","Philadelphia"
691,0.01586,11620,58100,"None","Philadelphia"
807,0.01854,36500,70400,"None","Philadelphia"
1238,0.02842,16840,84200,"None","Philadelphia"
1203,0.02762,27040,135200,"None","Philadelphia"
897,0.0206,22800,114200,"None","Philadelphia"
937,0.0215,14300,71800,"None","Philadelphia"
956,0.02195,14300,71500,"None","Philadelphia"
997,0.02288,16500,16500,"None","Philadelphia"
1364,0.03132,26840,134200,"None","Philadelphia"
706,0.01622,40620,203100,"None","Philadelphia"
899,0.02063,73800,73800,"None","Philadelphia"
794,0.01823,41480,207400,"None","Philadelphia"
662,0.0152,40940,204700,"None","Philadelphia"
2873,0.06596,557595,787090,"Residential Single","Socal"
49605,1.13875,6832659,11668080,"Commercial Store Combination","Socal"
6369,0.1462,595587,744480,"Residential Single","Socal"
5903,0.1355,1794690,2564586,"Residential Single","Socal"
144324,3.31316,722775,722775,"Commercial Office Buildings","Socal"
155966,3.58042,158356,295530,"Residential Single","Socal"
7197,0.16522,437457,913192,"Residential Single","Socal"
155966,3.58042,339784,501978,"Residential Single","Socal"
155966,3.58042,321267,494171,"Residential Single","Socal"
155966,3.58042,265526,418366,"Residential Single","Socal"
155966,3.58042,216247,334996,"Residential Single","Socal"
155966,3.58042,244859,426681,"Residential Single","Socal"
155966,3.58042,351198,528530,"Residential Single","Socal"
155966,3.58042,248181,401021,"Residential Single","Socal"
155966,3.58042,363619,509795,"Residential Single","Socal"
155966,3.58042,308327,485247,"Residential Single","Socal"
155966,3.58042,332622,478380,"Residential Single","Socal"
155966,3.58042,226711,371836,"Residential Single","Socal"
155966,3.58042,274813,457442,"Residential Single","Socal"
155966,3.58042,215511,538779,"Residential Single","Socal"
130501,2.99583,6188799,9035641,"Industrial Warehousing","Socal"
88094,2.02231,725562,2291900,"Industrial Warehousing","Socal"
11613,0.26659,1178258,2093764,"Industrial Warehousing","Socal"
120166,2.75857,4864218,10439580,"Industrial Warehousing","Socal"
14105,0.3238,1217949,2635178,"Industrial Warehousing","Socal"
12480,0.28649,1094594,1780990,"Industrial Warehousing","Socal"
13001,0.29845,1039043,2597614,"Industrial Warehousing","Socal"
2932010,67.3083,36030453,92178335,"Industrial Warehousing","Socal"
15603,0.35819,1087222,3027800,"Industrial Warehousing","Socal"
15609,0.35833,1007873,2373234,"Industrial Warehousing","Socal"
10753,0.24685,306739,871804,"Industrial Warehousing","Socal"
26106,0.59931,1609084,2298679,"Industrial Warehousing","Socal"
47292,1.08565,780951,2186693,"Industrial Warehousing","Socal"
185057,4.24823,1095130,3458703,"Industrial Warehousing","Socal"
12677,0.29101,589784,1055488,"Industrial Warehousing","Socal"
14970,0.34366,796478,1530377,"Industrial Warehousing","Socal"
3540,0.08127,183114,508353,"Industrial Warehousing","Socal"
338896,7.77982,10865547,21094855,"Industrial Warehousing","Socal"
107867,2.47623,6969312,12115881,"Industrial Warehousing","Socal"
34910,0.8014,3752706,6701260,"Industrial Warehousing","Socal"
25283,0.58041,626178,1410308,"Industrial Warehousing","Socal"
104522,2.39944,6307071,10722020,"Industrial Warehousing","Socal"
20409,0.46851,1402573,2337619,"Industrial Warehousing","Socal"
14390,0.33034,509610,1011866,"Industrial Warehousing","Socal"
45408,1.0424,863092,2152166,"Industrial Warehousing","Socal"
58097,1.3337,1694548,3070463,"Industrial Warehousing","Socal"
44734,1.02692,253672,824472,"Industrial Warehousing","Socal"
21769,0.49973,2652000,3972900,"Industrial Warehousing","Socal"
36316,0.83367,2274042,3888256,"Industrial Warehousing","Socal"
45022,1.03354,2673896,4949552,"Industrial Warehousing","Socal"
89990,2.06584,5781481,8409427,"Industrial Warehousing","Socal"
58652,1.34644,913488,3779459,"Industrial Warehousing","Socal"
52430,1.2036,3904316,8477941,"Industrial Warehousing","Socal"
204905,4.70387,13135215,21892021,"Industrial Warehousing","Socal"
33088,0.75958,3570000,5304000,"Industrial Warehousing","Socal"
98996,2.27258,3523299,5833659,"Industrial Warehousing","Socal"
21077,0.48385,1271712,1782764,"Industrial Warehousing","Socal"
63937,1.46777,2733168,4329332,"Industrial Warehousing","Socal"
69093,1.58613,5826240,11080260,"Industrial Warehousing","Socal"
28352,0.65085,673140,1428466,"Industrial Warehousing","Socal"
42319,0.9715,4080000,6050130,"Industrial Warehousing","Socal"
57939,1.33007,905948,3302031,"Industrial Warehousing","Socal"
64757,1.48658,13155,198750,"Industrial Warehousing","Socal"
64757,1.48658,159663,284198,"Industrial Warehousing","Socal"
89420,2.05276,1883560,3190928,"Industrial Warehousing","Socal"
64757,1.48658,73855,258506,"Industrial Warehousing","Socal"
23004,0.52808,840942,1208853,"Industrial Warehousing","Socal"
181856,4.17475,4259823,13089710,"Industrial Warehousing","Socal"
28549,0.65538,798067,1603814,"Industrial Warehousing","Socal"
274687,6.30581,20808000,35893800,"Industrial Warehousing","Socal"
198990,4.56808,6683903,12389974,"Industrial Warehousing","Socal"
6897,0.15834,584984,833116,"Industrial Warehousing","Socal"
341546,7.84065,18406063,18963822,"Industrial Warehousing","Socal"
94987,2.18056,2442294,6060301,"Industrial Warehousing","Socal"
13248,0.30412,459579,1062310,"Industrial Warehousing","Socal"
56103,1.28793,4889880,8422038,"Industrial Warehousing","Socal"
99324,2.28011,2614105,6060299,"Industrial Warehousing","Socal"
415770,9.54458,9602508,16034294,"Industrial Warehousing","Socal"
160681,3.68866,6815726,9972959,"Industrial Warehousing","Socal"
162747,3.73608,2512479,5391237,"Industrial Warehousing","Socal"
20414,0.46864,1108281,1667122,"Industrial Warehousing","Socal"
52576,1.20695,3641400,6138360,"Industrial Warehousing","Socal"
219417,5.03701,5453996,12297679,"Industrial Warehousing","Socal"
64476,1.48012,2595047,4637348,"Industrial Warehousing","Socal"
78736,1.8075,1988620,4407485,"Industrial Warehousing","Socal"
22524,0.51706,1089442,1485422,"Industrial Warehousing","Socal"
143323,3.29019,10511785,19078889,"Industrial Warehousing","Socal"
85935,1.97276,2118546,4958421,"Industrial Warehousing","Socal"
64757,1.48658,42586,149070,"Industrial Warehousing","Socal"
79582,1.82691,2835039,4849672,"Industrial Warehousing","Socal"
50782,1.16578,1366690,2674809,"Industrial Warehousing","Socal"
41110,0.94373,3153535,5616445,"Industrial Warehousing","Socal"
64757,1.48658,50631,220522,"Industrial Warehousing","Socal"
30305,0.69569,1751363,3067674,"Industrial Warehousing","Socal"
28518,0.65466,1032659,2084148,"Industrial Warehousing","Socal"
13003,0.2985,1045500,1861500,"Industrial Warehousing","Socal"
243309,5.58549,11983435,22600337,"Industrial Warehousing","Socal"
30158,0.69232,712590,1595503,"Industrial Warehousing","Socal"
14263,0.32743,1456560,2262870,"Industrial Warehousing","Socal"
94676,2.17341,7358249,13717878,"Industrial Warehousing","Socal"
18682,0.42886,1664640,2809080,"Industrial Warehousing","Socal"
23281,0.53445,1414008,2676515,"Industrial Warehousing","Socal"
18083,0.41512,1388758,2083135,"Industrial Warehousing","Socal"
